blockchain,hooks
base,0xd2e6c69360b183d3f8f41d39f9bf613312fc6000
arbitrum,0xcd865bfb86369b95d069d2580110e6e464a10880
arbitrum,0x8425c42fb2a8e8b3e38cf8c5f9672c031ad98ac8
optimism,0xf8c3f4243c4d8c02831a718a7978fd869f094300
polygon,0x1c951c807e6075fc778a9f8dbfdd8cf4caa58088
base,0xdca7a1dc2eadb34387630d2353e30f6cc0398ac0
ethereum,0xa6c8d7514785c4314ee05ed566cb41151d43c0c0
polygon,0x8711a41d76e18344b7b3eeb5c0703a1210214080
arbitrum,0xf8c3f4243c4d8c02831a718a7978fd869f094300
base,0xf48a7a37fc615800f2fb7e747b695e5dcf738040
ethereum,0xf8c3f4243c4d8c02831a718a7978fd869f094300
base,0x6a3e5824649fb83a99d0cf3d0b9d9094b25915c0
arbitrum,0x0418bdb308abc419864b20367e85659a6e718880
base,0x6574ef996265a75915cb094bb21ec22bf60960cc
ethereum,0x5287e8915445aee78e10190559d8dd21e0e9ea88
arbitrum,0x54cb4b6ecb1fcc5408f4ba90f55460df5c2e0840
base,0xf8c3f4243c4d8c02831a718a7978fd869f094300
base,0x0ed64a7bb3debe849b7b983d50136633fa9dd8e0
arbitrum,0x0a335e6c108709b2746b65c76e25d72cd638bfff
polygon,0x30eaaf5faff03700df22649c160c3094142b4088
base,0xc15f260357d542334605e7a949a504f8e3fc8ac0
base,0x0010d0d5db05933fa0d9f7038d365e1541a41888
base,0x0b5c294841bea8d19c5605b1e413538dc68118e0
base,0x11d18b15fe7247af537bd5bf7802eb7db3748040
base,0x9f37e2401f6ec18246de8ae57b91deaa4f1ac040
base,0x49489fa9a2b16eedee144bf1fffcab55fc690ac0
base,0x4e141f8700652d47f2213d5da93a2c0b123d8151
polygon,0xd396424bc137d53c1c9be132b83a25e7874b0088
polygon,0x88e9ff3db90027e4e7349782ef165a644225c088
ethereum,0x0010d0d5db05933fa0d9f7038d365e1541a41888
base,0x2d0d55e8d4418ce6157cf31d9ffafb88117c0040
base,0x352487cf769016805b332607dbfda6ca46404044
base,0xcf2e5ae3cb94b19093be2ffffa9bf85ceb8b4040
arbitrum,0x4e3fa5d73314ef96f06d861c35a92e6626e7cac0
base,0xec3f7e72fd97c73e2893964cc3def27dd62515c0
polygon,0x60f5daf7813928ca2d8636b40ce51df4ba69c088
base,0xdaa4840cf0c30953491ef5848c75c97dbdfd0088
base,0x9d460d2055649ed97a52c4704786301c525b18e0
base,0xe9c26f4a294d4d993079f62c2bedb811673d2000
polygon,0xaf9de82eac2c4f5fe00dbf12311eb3406bd60088
base,0xc37b1617b800d42774ae2541f5901d486d1a6000
polygon,0xd64f3cbfc9d559911d57bfd6b277e0f2a8b24088
arbitrum,0x0010d0d5db05933fa0d9f7038d365e1541a41888
base,0xc361488d6947e3909cf245b8a35c09ae077a98e0
polygon,0x365a73518241850261c0c7498c3218736d514088
unichain,0xf8c3f4243c4d8c02831a718a7978fd869f094300
base,0x0376c7266687a61c4296a638fe43b90c3fab2000
polygon,0x2378b94bdc6d7e7d97a55ae18f13300084438088
arbitrum,0x990678d7222da42d528347eaf3ce22dffc6dc840
base,0x4cebcb2c6b200bae69eb9b0f9c8b054c5a80e000
base,0x226a43e4e12354b1304678d5bd77c940ba57e000
polygon,0x713a456ae755e61f86170c3e4f7961c1c2a24088
base,0x6d0e148e48eb9c4abaa06a8310d9899a208115c0
ethereum,0x00001f3b9712708127b1fcad61cb892535951888
polygon,0xb22e52652b5898d905f9929b9d1f7dc422f7c088
base,0x623d5cd91bb1af33e74a08c1c366508260d2a000
base,0xa6c8d7514785c4314ee05ed566cb41151d43c0c0
base,0xc77e884e82fdc9274bf17bf28b6c89d05b6d8ac0
base,0x679544cb0ffec9df4f8067e0b28e15a72ac115c0
polygon,0xc377a577a4d0d59651fb7f905e50c358663c0088
base,0x0752c693683105d49653e753d60d7fe188250088
base,0xb9d129d2546c0c1d8cfb4c3a1c23e84a5fb84080
base,0x7e3d406b607f432917c8f2a2e9c98e459c9ea000
base,0x3700105573d3fa0d48f1226d56feb002ca8515c0
base,0xb915740a95c0fe8ce473bb9abda4806a91d04080
arbitrum,0xdba2a223d4bae000c237fc3c551e722441864880
polygon,0xce514dd433dd7c00492fbf39112047d27d404088
base,0x2ac02584bd361930f86929c1e19d93c90076e000
arbitrum,0xa6c8d7514785c4314ee05ed566cb41151d43c0c0
base,0x4d93a4b77d636d04504f9a027ea9503f97290088
base,0xb90a801377c015bd8f078011602a38e74fd718e0
polygon,0x51d8fc07c3ac6d824081009ec3e21fb8beb3c088
polygon,0xebf06745a016941e96af4762a08283b7441a8080
base,0x92c04775aa3be72d54646b3f0e88672f6a7e0088
bnb,0x650c40e697f882267d770db82a0b567d6da7cfe0
base,0x33776a5c89a58de84005966b3dd21a68667798e0
ethereum,0x0000fe59823933ac763611a69c88f91d45f81888
polygon,0xe947695b53d757a012df3a022fb9908f0eec0088
polygon,0xf415f8f47772ffd153c2ebb0df79191ffacd8088
arbitrum,0x1767848e3124032ad5c032151f49cf14021a4ac0
optimism,0xa6c8d7514785c4314ee05ed566cb41151d43c0c0
base,0x4ca5e17ceb4037ecd86700b16f7d013d462915c0
base,0x51bba15255406cfe7099a42183302640ba7dafdc
arbitrum,0x5e5721417535c5ae854191f851359064f6fc8840
base,0x945101d9007af679b427bc1ab93ee6678dbe2000
base,0x8dd4c756f183513850e874f7d1ffd0d7cb498080
unichain,0xa6c8d7514785c4314ee05ed566cb41151d43c0c0
arbitrum,0x0f88c4f656f3b31d1666944a864b4e95a1340400
polygon,0x91986d7da4d52fa0d1fa4772e0f7761aceec4088
base,0x7c2488ce48ba41bb805fce0390d3bd4da0058ac0
ethereum,0x62ee80f068dce30ea4a275e91bb733fb17fd0ac0
base,0x9e433f32bb5481a9ca7dff5b3af74a7ed041a888
base,0x0000fe59823933ac763611a69c88f91d45f81888
base,0x48ffa9230a22527067d463c44fead037348720cc
base,0x2c641c6e36f6b942634649b492d4d66db45f48c4
arbitrum,0x3e17096a281831af89106c6060d849e21ab24ac0
